{
    "id": "EZTV",
    "name": "EZTV",
    "domain": "https://eztv.re/",
    "encoding": "UTF-8",
    "public": true,
    "proxy": true,
    "language": "en",
    "search": {
        "paths": [
            {
                "path": "search/{keyword}",
                "method": "get"
            }
        ]
    },
    "browse": {
        "path": "page_{page}"
    },
    "torrents": {
        "list": {
            "selector": "table.forum_header_border > tr[name]"
        },
        "fields": {
            "id": {
                "selector": "td:nth-child(2) > a[href*=\"/ep/\"]",
                "attribute": "href",
                "filters": [
                    {
                        "name": "re_search",
                        "args": [
                            "\\d+",
                            0
                        ]
                    }
                ]
            },
            "title": {
                "selector": "td:nth-child(2) > a",
                "attribute": "title"
            },
            "details": {
                "selector": "td:nth-child(2) > a",
                "attribute": "href"
            },
            "download": {
                "selector": "td:nth-child(3) > a[href*=\".torrent\"]",
                "attribute": "href"
            },
            "date_added": {
                "selector": "td:nth-child(5)",
                "optional": true
            },
            "size": {
                "selector": "td:nth-child(4)"
            },
            "seeders": {
                "selector": "td:nth-child(6) > font"
            },
            "downloadvolumefactor": {
                "case": {
                    "*": 0
                }
            },
            "uploadvolumefactor": {
                "case": {
                    "*": 1
                }
            }
        }
    }
}