{
    "id": "sharkpt",
    "name": "\u9ca8\u9c7c",
    "domain": "https://sharkpt.net/",
    "encoding": "UTF-8",
    "public": false,
    "search": {
        "paths": [
            {
                "path": "torrents.php",
                "method": "get"
            }
        ],
        "params": {
            "search": "{keyword}"
        },
        "batch": {
            "delimiter": " ",
            "space_replace": "_"
        }
    },
    "category": {
        "movie": [
            {
                "id": 401,
                "cat": "Movies",
                "desc": "Movies(\u7535\u5f71)"
            }
        ],
        "tv": [
            {
                "id": 404,
                "cat": "TV/Documentary",
                "desc": "Documentaries(\u8bb0\u5f55\u7247)"
            },
            {
                "id": 405,
                "cat": "TV/Anime",
                "desc": "Animations(\u52a8\u6f2b)"
            },
            {
                "id": 402,
                "cat": "TV",
                "desc": "TV Series(\u7535\u89c6\u5267)"
            },
            {
                "id": 403,
                "cat": "TV/Other",
                "desc": "TV Shows(\u7efc\u827a)"
            }
        ]
    },
    "torrents": {
        "list": {
            "selector": "div.s-table-body-item > div.torrent-item"
        },
        "fields": {
            "id": {
                "selector": "a[href*=\"details.php?id=\"]",
                "attribute": "href",
                "filters": [
                    {
                        "name": "re_search",
                        "args": [
                            "\\d+",
                            0
                        ]
                    }
                ]
            },
            "title": {
                "selector": "div.torrent-title > a"
            },
            "details": {
                "selector": "div.torrent-title > a",
                "attribute": "href"
            },
            "download": {
                "selector": "shark-icon.torrent-action-download",
                "attribute": "onclick",
                "filters": [
                    {
                        "name": "re_search",
                        "args": [
                            "download.php\\?id=\\d+",
                            0
                        ]
                    }
                ]
            },
            "size": {
                "selector": "div.torrent-size"
            },
            "grabs": {
                "selector": "div.torrent-snatches > a"
            },
            "seeders": {
                "selector": "div.torrent-seeders > a"
            },
            "leechers": {
                "selector": "div.torrent-leechers > a"
            },
            "date_elapsed": {
                "selector": "div.torrent-when > span"
            },
            "date_added": {
                "selector": "div.torrent-when > span",
                "attribute": "title"
            },
            "date": {
                "text": "{% if fields['date_elapsed'] or fields['date_added'] %}{{ fields['date_elapsed'] if fields['date_elapsed'] else fields['date_added'] }}{% else %}now{% endif %}",
                "filters": [
                    {
                        "name": "dateparse",
                        "args": "%Y-%m-%d %H:%M:%S"
                    }
                ]
            },
            "downloadvolumefactor": {
                "case": {
                    "font.free": 0,
                    "font.twoupfree": 0,
                    "*": 1
                }
            },
            "uploadvolumefactor": {
                "case": {
                    "font.twoupfree": 2,
                    "*": 1
                }
            },
            "free_deadline": {
                "default_value": "{% if fields['downloadvolumefactor']==0 %}{{max_time}}{% endif%}",
                "default_value_format": "%Y-%m-%d %H:%M:%S.%f",
                "selector": "div.torrent-tags > font > span",
                "attribute": "title",
                "filters": [
                    {
                        "name": "dateparse",
                        "args": "%Y-%m-%d %H:%M:%S"
                    }
                ]
            },
            "tags": {
                "selector": "div > a.torrents-tag"
            },
            "description": {
                "selector": "div.torrent-subtitle"
            },
            "labels": {
                "selector": "div.torrent-tags > span > a.s-tag"
            }
        }
    },
    "price": {
        "FREE": [
            "//h1[@id='top']/b/font[@class='free']"
        ],
        "2XFREE": [
            "//h1[@id='top']/b/font[@class='twoupfree']"
        ],
        "HR": [
            "//h1[@id='top']/img[@class='hitandrun']"
        ],
        "PEER_COUNT": [
            "//div[@id='peercount']/b[1]"
        ]
    },
    "system_type": ""
}