{
    "id": "caihongdaobeiyong",
    "name": "\u5f69\u8679\u5c9b\u5907\u7528\u7ad9",
    "domain": "https://sz.chddiy.xyz/",
    "encoding": "UTF-8",
    "public": false,
    "search": {
        "paths": [
            {
                "path": "torrents.php",
                "method": "get"
            }
        ],
        "params": {
            "search": "{keyword}"
        },
        "batch": {
            "delimiter": " ",
            "space_replace": "_"
        }
    },
    "category": {
        "movie": [
            {
                "id": 401,
                "cat": "Movies",
                "desc": "Movies"
            }
        ],
        "tv": [
            {
                "id": 404,
                "cat": "TV/Documentary",
                "desc": "Documentaries"
            },
            {
                "id": 405,
                "cat": "TV/Anime",
                "desc": "Animations"
            },
            {
                "id": 402,
                "cat": "TV",
                "desc": "TV Series"
            },
            {
                "id": 403,
                "cat": "TV",
                "desc": "TV Shows"
            }
        ]
    },
    "torrents": {
        "list": {
            "selector": "table.torrents > tr:has(\"table.torrentname\")"
        },
        "fields": {
            "id": {
                "selector": "a[href*=\"details.php?id=\"]",
                "attribute": "href",
                "filters": [
                    {
                        "name": "re_search",
                        "args": [
                            "\\d+",
                            0
                        ]
                    }
                ]
            },
            "category": {
                "selector": "a[href*=\"?cat=\"]",
                "attribute": "href",
                "filters": [
                    {
                        "name": "querystring",
                        "args": "cat"
                    }
                ]
            },
            "title_default": {
                "selector": "table.torrentname > tr > td.embedded > a[href*=\"details.php?id=\"]"
            },
            "title_optional": {
                "optional": true,
                "selector": "table.torrentname > tr > td.embedded > a[title][href*=\"details.php?id=\"]",
                "attribute": "title"
            },
            "title": {
                "text": "{% if fields['title_optional'] %}{{ fields['title_optional'] }}{% else %}{{ fields['title_default'] }}{% endif %}"
            },
            "details": {
                "selector": "a[href*=\"details.php?id=\"]",
                "attribute": "href"
            },
            "download": {
                "selector": "a[href*=\"download.php?id=\"]",
                "attribute": "href"
            },
            "size": {
                "selector": "td:nth-child(5)"
            },
            "grabs": {
                "selector": "td:nth-child(8)"
            },
            "seeders": {
                "selector": "td:nth-child(6)"
            },
            "leechers": {
                "selector": "td:nth-child(7)"
            },
            "date_elapsed": {
                "selector": "td:nth-child(4) > span",
                "optional": true
            },
            "date_added": {
                "selector": "td:nth-child(4) > span",
                "attribute": "title",
                "optional": true
            },
            "date": {
                "text": "{% if fields['date_elapsed'] or fields['date_added'] %}{{ fields['date_elapsed'] if fields['date_elapsed'] else fields['date_added'] }}{% else %}now{% endif %}",
                "filters": [
                    {
                        "name": "dateparse",
                        "args": "%Y-%m-%d %H:%M:%S"
                    }
                ]
            },
            "downloadvolumefactor": {
                "case": {
                    "img.pro_free": 0,
                    "img.pro_free2up": 0,
                    "img.pro_50pctdown": 0.5,
                    "img.pro_50pctdown2up": 0.5,
                    "img.pro_30pctdown": 0.3,
                    "*": 1
                }
            },
            "uploadvolumefactor": {
                "case": {
                    "img.pro_50pctdown2up": 2,
                    "img.pro_free2up": 2,
                    "img.pro_2up": 2,
                    "*": 1
                }
            },
            "free_deadline": {
                "default_value": "{% if fields['downloadvolumefactor']==0 %}{{max_time}}{% endif%}",
                "default_value_format": "%Y-%m-%d %H:%M:%S.%f",
                "selector": "td[class] > span[title]",
                "attribute": "title",
                "filters": [
                    {
                        "name": "dateparse",
                        "args": "%Y-%m-%d %H:%M:%S"
                    }
                ]
            },
            "hr_days": {
                "defualt_value": 0,
                "selector": "div.circle > div.circle-text",
                "filters": [
                    {
                        "name": "re_search",
                        "args": [
                            "\\d",
                            0
                        ]
                    }
                ]
            },
            "minimumratio": {
                "text": "{% if fields[ 'hr_days' ] %}999999{% else %}0{% endif %}"
            },
            "minimumseedtime": {
                "text": "{% if fields[ 'hr_days' ] %}{{ (fields[ 'hr_days' ]|int)*86400 }}{% else %}0{% endif %}"
            },
            "description": {
                "selector": "font.subtitle",
                "remove": "div",
                "contents": -1
            },
            "labels": {
                "selector": "font.subtitle > div[style] > div.tag"
            }
        }
    },
    "conf": {
        "FREE": [
            "//h1[@id='top']/img[@class='pro_free']"
        ],
        "2XFREE": [],
        "HR": [
            "//b[contains(text(),'H&R:')]"
        ],
        "PEER_COUNT": [
            "//div[@id='peercount']/b[1]"
        ]
    }
}