{
    "id": "maozhan",
    "name": "\u732b\u7ad9",
    "domain": "https://pterclub.com/",
    "encoding": "UTF-8",
    "public": false,
    "search": {
        "paths": [
            {
                "path": "torrents.php",
                "method": "get"
            }
        ],
        "params": {
            "search": "{keyword}",
            "search_area": 0
        },
        "batch": {
            "delimiter": " ",
            "space_replace": "_"
        }
    },
    "batch": {
        "delimiter": " ",
        "space_replace": "_"
    },
    "browse": {},
    "torrents": {
        "list": {
            "selector": "table.torrents > tr:has(\"table.torrentname\")"
        },
        "fields": {
            "id": {
                "selector": "a[href*=\"details.php?id=\"]",
                "attribute": "href",
                "filters": [
                    {
                        "name": "re_search",
                        "args": [
                            "\\d+",
                            0
                        ]
                    }
                ]
            },
            "category": {
                "selector": "a[href*=\"?cat=\"]",
                "attribute": "href",
                "filters": [
                    {
                        "name": "querystring",
                        "args": "cat"
                    }
                ]
            },
            "title": {
                "selector": "td:nth-child(2) > div > div:nth-child(1) > a > b"
            },
            "details": {
                "selector": "a[href*=\"details.php?id=\"]",
                "attribute": "href"
            },
            "poster": {
                "selector": "img[data-orig]",
                "attribute": "data-orig"
            },
            "download": {
                "selector": "a[href*=\"download.php?id=\"]",
                "attribute": "href"
            },
            "size": {
                "selector": "td.rowfollow:nth-child(5)"
            },
            "grabs": {
                "selector": "td.rowfollow:nth-child(8)"
            },
            "seeders": {
                "selector": "td.rowfollow:nth-child(6)"
            },
            "leechers": {
                "selector": "td.rowfollow:nth-child(7)"
            },
            "date_elapsed": {
                "selector": "td.rowfollow:nth-child(4) > span",
                "optional": true
            },
            "date_added": {
                "selector": "td.rowfollow:nth-child(4) > span",
                "attribute": "title",
                "optional": true
            },
            "date": {
                "text": "{% if fields['date_elapsed'] or fields['date_added'] %}{{ fields['date_elapsed'] if fields['date_elapsed'] else fields['date_added'] }}{% else %}now{% endif %}",
                "filters": [
                    {
                        "name": "dateparse",
                        "args": "%Y-%m-%d %H:%M:%S"
                    }
                ]
            },
            "downloadvolumefactor": {
                "case": {
                    "img.pro_free": 0,
                    "img.pro_free2up": 0,
                    "img.pro_50pctdown": 0.5,
                    "img.pro_50pctdown2up": 0.5,
                    "img.pro_30pctdown": 0.3,
                    "*": 1
                }
            },
            "uploadvolumefactor": {
                "case": {
                    "img.pro_50pctdown2up": 2,
                    "img.pro_free2up": 2,
                    "img.pro_2up": 2,
                    "*": 1
                }
            },
            "free_deadline": {
                "default_value": "{% if fields['downloadvolumefactor']==0 %}{{max_time}}{% endif%}",
                "default_value_format": "%Y-%m-%d %H:%M:%S.%f",
                "selector": "div > b > span[title]",
                "attribute": "title",
                "filters": [
                    {
                        "name": "dateparse",
                        "args": "%Y-%m-%d %H:%M:%S"
                    }
                ]
            },
            "description": {
                "selector": "td:nth-child(2) > div > div:nth-child(2) > span"
            },
            "labels": {
                "selector": "td:nth-child(2) > div > div:nth-child(2) > a.torrents-tag"
            }
        }
    },
    "category": {
        "movie": [
            {
                "id": 401,
                "cat": "Movies",
                "desc": "\u7535\u5f71 (Movie)"
            },
            {
                "id": 403,
                "cat": "Anime",
                "desc": "\u52a8\u6f2b (Anime)"
            },
            {
                "id": 402,
                "cat": "Documentary",
                "desc": "\u7eaa\u5f55\u7247 (Documentary)"
            }
        ],
        "tv": [
            {
                "id": 404,
                "cat": "TV",
                "desc": "\u7535\u89c6\u5267 (TV Play)"
            },
            {
                "id": 403,
                "cat": "Anime",
                "desc": "\u52a8\u6f2b (Anime)"
            },
            {
                "id": 405,
                "cat": "TV",
                "desc": "\u7efc\u827a (TV Show)"
            },
            {
                "id": 402,
                "cat": "Documentary",
                "desc": "\u7eaa\u5f55\u7247 (Documentary)"
            }
        ]
    },
    "conf": {
        "FREE": [
            "//h1[@id='top']/b/font[@class='free']"
        ],
        "2XFREE": [
            "//h1[@id='top']/b/font[@class='twoupfree']"
        ],
        "HR": [],
        "PEER_COUNT": [
            "(//td[@align='left' and @class='rowfollow' and @valign='top']/b[1])[3]"
        ]
    }
}