{
    "id": "ciqi",
    "name": "\u74f7\u5668",
    "domain": "https://hdchina.org/",
    "encoding": "UTF-8",
    "public": false,
    "search": {
        "paths": [
            {
                "path": "torrents.php",
                "method": "get"
            }
        ],
        "params": {
            "search": "{keyword}"
        },
        "batch": {
            "delimiter": " ",
            "space_replace": "_"
        }
    },
    "batch": {
        "delimiter": " ",
        "space_replace": "_"
    },
    "browse": {},
    "torrents": {
        "list": {
            "selector": "table.torrent_list tr:has(\"td.t_cat\")"
        },
        "fields": {
            "id": {
                "selector": "a[href*=\"details.php?id=\"]",
                "attribute": "href",
                "filters": [
                    {
                        "name": "re_search",
                        "args": [
                            "\\d+",
                            0
                        ]
                    }
                ]
            },
            "title": {
                "selector": "a[href*=\"details.php?id=\"]",
                "attribute": "title"
            },
            "description": {
                "selector": "table.tbname tr > td:nth-child(2) > h4"
            },
            "labels": {
                "selector": "table.tbname tr > td:nth-child(2) > h4 > span"
            },
            "category": {
                "selector": "a[href*=\"?cat=\"]",
                "attribute": "href",
                "filters": [
                    {
                        "name": "querystring",
                        "args": "cat"
                    }
                ]
            },
            "details": {
                "selector": "a[href*=\"details.php?id=\"]",
                "attribute": "href"
            },
            "download": {
                "selector": "a[href*=\"download.php?hash=\"]",
                "attribute": "href"
            },
            "size": {
                "selector": "td.t_size"
            },
            "grabs": {
                "selector": "td.t_completed"
            },
            "seeders": {
                "selector": "td.t_torrents"
            },
            "leechers": {
                "selector": "td.t_leech"
            },
            "date_elapsed": {
                "selector": "td.t_time > span"
            },
            "date_added": {
                "selector": "td.t_time > span",
                "attribute": "title"
            },
            "free_deadline": {
                "default_value": "{% if fields['downloadvolumefactor']==0 %}{{max_time}}{% endif%}",
                "default_value_format": "%Y-%m-%d %H:%M:%S.%f",
                "selector": "img.pro_free,img.pro_free2up",
                "attribute": "onmouseover",
                "filters": [
                    {
                        "name": "re_search",
                        "args": [
                            "\\d+-\\d+-\\d+ \\d+:\\d+:\\d+",
                            0
                        ]
                    },
                    {
                        "name": "dateparse",
                        "args": "%Y-%m-%d %H:%M:%S"
                    }
                ]
            },
            "csrf": {
                "selector": "meta[name=\"x-csrf\"]",
                "attribute": "content"
            },
            "downloadvolumefactor": {
                "case": {
                    "img.pro_free": 0,
                    "img.pro_free2up": 0,
                    "img.pro_50pctdown": 0.5,
                    "img.pro_50pctdown2up": 0.5,
                    "img.pro_30pctdown": 0.3,
                    "*": 1
                }
            },
            "uploadvolumefactor": {
                "case": {
                    "img.pro_50pctdown2up": 2,
                    "img.pro_free2up": 2,
                    "img.pro_2up": 2,
                    "*": 1
                }
            }
        }
    },
    "category": {
        "movie": [
            {
                "id": 20,
                "cat": "Movies/BluRay",
                "desc": "Movie Full BD"
            },
            {
                "id": 17,
                "cat": "Movies/HD",
                "desc": "Movie 1080p"
            },
            {
                "id": 16,
                "cat": "Movies/HD",
                "desc": "Movie 1080i"
            },
            {
                "id": 9,
                "cat": "Movies/HD",
                "desc": "Movie 720p"
            },
            {
                "id": 27,
                "cat": "Movies/SD",
                "desc": "iPad Video"
            },
            {
                "id": 410,
                "cat": "Movies/UHD",
                "desc": "4K UltraHD"
            }
        ],
        "tv": [
            {
                "id": 13,
                "cat": "TV",
                "desc": "EU/US TV series"
            },
            {
                "id": 25,
                "cat": "TV",
                "desc": "Chinese TV series"
            },
            {
                "id": 26,
                "cat": "TV",
                "desc": "Kor Drama"
            },
            {
                "id": 24,
                "cat": "TV",
                "desc": "Jpn Drama"
            },
            {
                "id": 21,
                "cat": "TV",
                "desc": "EU/US TV series pack"
            },
            {
                "id": 22,
                "cat": "TV",
                "desc": "Chinese TV series pack"
            },
            {
                "id": 23,
                "cat": "TV",
                "desc": "JPN/KOR drama pack"
            },
            {
                "id": 5,
                "cat": "TV/Documentary",
                "desc": "Documentary"
            },
            {
                "id": 14,
                "cat": "TV/Anime",
                "desc": "Animation"
            },
            {
                "id": 401,
                "cat": "TV",
                "desc": "TV Shows"
            }
        ]
    },
    "conf": {
        "RENDER": true,
        "FREE": [
            "//h2[@id='top']/img[@class='pro_free']"
        ],
        "2XFREE": [
            "//h2[@id='top']/img[@class='pro_free2up']"
        ],
        "HR": [],
        "PEER_COUNT": [
            "//div[@id='peercount']/b[1]"
        ]
    }
}