{
    "id": "mteam",
    "name": "\u9992\u5934",
    "domain": "https://xp.m-team.io/",
    "encoding": "UTF-8",
    "public": false,
    "parser": "MteamSpider",
    "search": {
        "paths": [
            {
                "path": "/api/torrent/search",
                "method": "post"
            }
        ],
        "params": {
            "mode": "normal",
            "categories": [],
            "visible": 1,
            "keyword": "{keyword}",
            "pageNumber": 1,
            "pageSize": 100
        }
    },
    "category": {
        "movie": [
            {
                "id": 401,
                "cat": "Movies/SD",
                "desc": "Movie(\u96fb\u5f71)/SD",
                "default": true
            },
            {
                "id": 419,
                "cat": "Movies/HD",
                "desc": "Movie(\u96fb\u5f71)/HD",
                "default": true
            },
            {
                "id": 420,
                "cat": "Movies/DVD",
                "desc": "Movie(\u96fb\u5f71)/DVDiSo",
                "default": true
            },
            {
                "id": 421,
                "cat": "Movies/BluRay",
                "desc": "Movie(\u96fb\u5f71)/Blu-Ray",
                "default": true
            },
            {
                "id": 439,
                "cat": "Movies/Other",
                "desc": "Movie(\u96fb\u5f71)/Remux",
                "default": true
            }
        ],
        "tv": [
            {
                "id": 403,
                "cat": "TV/SD",
                "desc": "TV Series(\u5f71\u5287/\u7d9c\u85dd)/SD",
                "default": true
            },
            {
                "id": 402,
                "cat": "TV/HD",
                "desc": "TV Series(\u5f71\u5287/\u7d9c\u85dd)/HD",
                "default": true
            },
            {
                "id": 435,
                "cat": "TV/SD",
                "desc": "TV Series(\u5f71\u5287/\u7d9c\u85dd)/DVDiSo",
                "default": true
            },
            {
                "id": 438,
                "cat": "TV/HD",
                "desc": "TV Series(\u5f71\u5287/\u7d9c\u85dd)/BD",
                "default": true
            },
            {
                "id": 404,
                "cat": "TV/Documentary",
                "desc": "\u7d00\u9304\u6559\u80b2",
                "default": true
            },
            {
                "id": 405,
                "cat": "TV/Anime",
                "desc": "Anime(\u52d5\u756b)",
                "default": true
            }
        ]
    },
    "torrents": {
        "list": {
            "selector": "table.torrents > tr:has(\"table.torrentname\")"
        },
        "fields": {
            "id": {
                "selector": "a[href*=\"details.php?id=\"]",
                "attribute": "href",
                "filters": [
                    {
                        "name": "re_search",
                        "args": [
                            "\\d+",
                            0
                        ]
                    }
                ]
            },
            "title_default": {
                "selector": "a[href*=\"details.php?id=\"] > b"
            },
            "title_optional": {
                "optional": true,
                "selector": "a[title][href*=\"details.php?id=\"]",
                "attribute": "title"
            },
            "title": {
                "text": "{% if fields['title_optional'] %}{{ fields['title_optional'] }}{% else %}{{ fields['title_default'] }}{% endif %}"
            },
            "category": {
                "selector": "a[href*=\"?cat=\"]",
                "attribute": "href",
                "filters": [
                    {
                        "name": "querystring",
                        "args": "cat"
                    }
                ]
            },
            "details": {
                "selector": "a[href*=\"details.php?id=\"]",
                "attribute": "href"
            },
            "download": {
                "selector": "a[href*=\"download.php?id=\"]",
                "attribute": "href"
            },
            "poster": {
                "selector": "img[alt=\"torrent thumbnail\"]",
                "attribute": "src",
                "filters": [
                    {
                        "name": "replace",
                        "args": [
                            "pic/nopic.jpg",
                            ""
                        ]
                    }
                ]
            },
            "imdbid": {
                "selector": "a[href*=\"imdb.com/title/tt\"]",
                "attribute": "href",
                "filters": [
                    {
                        "name": "re_search",
                        "args": [
                            "tt\\d+",
                            0
                        ]
                    }
                ]
            },
            "size": {
                "selector": "td.rowfollow:nth-last-child(6)"
            },
            "grabs": {
                "selector": "td.rowfollow:nth-last-child(3)"
            },
            "seeders": {
                "selector": "td.rowfollow:nth-last-child(5)"
            },
            "leechers": {
                "selector": "td.rowfollow:nth-last-child(4)"
            },
            "date_added": {
                "selector": "td.rowfollow:nth-last-child(7) > span",
                "attribute": "title",
                "optional": true
            },
            "date_elapsed": {
                "selector": "tr > td > span",
                "optional": true
            },
            "date": {
                "text": "{% if fields['date_elapsed'] or fields['date_added'] %}{{ fields['date_elapsed'] if fields['date_elapsed'] else fields['date_added'] }}{% else %}now{% endif %}",
                "filters": [
                    {
                        "name": "dateparse",
                        "args": "%Y-%m-%d %H:%M:%S"
                    }
                ]
            },
            "downloadvolumefactor": {
                "case": {
                    "img.pro_free": 0,
                    "img.pro_free2up": 0,
                    "img.pro_50pctdown": 0.5,
                    "img.pro_50pctdown2up": 0.5,
                    "img.pro_30pctdown": 0.3,
                    "*": 1
                }
            },
            "uploadvolumefactor": {
                "case": {
                    "img.pro_50pctdown2up": 2,
                    "img.pro_free2up": 2,
                    "img.pro_2up": 2,
                    "*": 1
                }
            },
            "free_deadline": {
                "default_value": "{% if fields['downloadvolumefactor']==0 %}{{max_time}}{% endif%}",
                "default_value_format": "%Y-%m-%d %H:%M:%S.%f",
                "selector": "span[style=\"font-weight:normal\"]",
                "filters": [
                    {
                        "name": "re_search",
                        "args": [
                            "(?:\u9650\u6642\uff1a\\s*)((?:\\d+\u65e5)?(?:\\d+\u6642)?(?:\\d+\u5206)?)",
                            1
                        ]
                    },
                    {
                        "name": "date_elapsed_parse"
                    }
                ]
            },
            "description": {
                "selector": "table.torrentname > tr > td.embedded",
                "contents": -1
            },
            "labels": {
                "selector": "table.torrentname > tr > td.embedded > img[class*=\"label_\"]",
                "attribute": "alt"
            }
        }
    },
    "conf": {
        "FREE": [
            "//h1[@id='top']/b/font[@class='free']"
        ],
        "2XFREE": [],
        "HR": [],
        "PEER_COUNT": [
            "//div[@id='peercount']/b[1]"
        ]
    }
}