{
    "id": "gaoqingtiankong",
    "name": "\u9ad8\u6e05\u5929\u7a7a",
    "domain": "https://hdsky.me/",
    "encoding": "UTF-8",
    "public": false,
    "search": {
        "paths": [
            {
                "path": "torrents.php",
                "method": "get"
            }
        ],
        "params": {
            "search": "{keyword}"
        },
        "batch": {
            "delimiter": " ",
            "space_replace": "_"
        }
    },
    "category": {
        "movie": [
            {
                "id": 401,
                "cat": "Movies",
                "desc": "Movies/\u7535\u5f71"
            },
            {
                "id": 410,
                "cat": "Movies",
                "desc": "iPad/iPad\u5f71\u89c6"
            }
        ],
        "tv": [
            {
                "id": 402,
                "cat": "TV",
                "desc": "TV Series/\u5267\u96c6(\u5206\u96c6)"
            },
            {
                "id": 403,
                "cat": "TV",
                "desc": "TV Shows/\u7efc\u827a"
            },
            {
                "id": 404,
                "cat": "TV/Documentary",
                "desc": "Documentaries/\u7eaa\u5f55\u7247"
            },
            {
                "id": 405,
                "cat": "TV/Anime",
                "desc": "Animations/\u52a8\u6f2b"
            },
            {
                "id": 411,
                "cat": "TV",
                "desc": "TV Series/\u5267\u96c6(\u5408\u96c6)"
            },
            {
                "id": 412,
                "cat": "TV",
                "desc": "TV Series/\u6d77\u5916\u5267\u96c6(\u5206\u96c6)"
            },
            {
                "id": 413,
                "cat": "TV",
                "desc": "TV Series/\u6d77\u5916\u5267\u96c6(\u5408\u96c6)"
            },
            {
                "id": 414,
                "cat": "TV",
                "desc": "TV Shows/\u6d77\u5916\u7efc\u827a(\u5206\u96c6)"
            },
            {
                "id": 415,
                "cat": "TV",
                "desc": "TV Shows/\u6d77\u5916\u7efc\u827a(\u5408\u96c6)"
            }
        ]
    },
    "torrents": {
        "list": {
            "selector": "table.torrents > tr:has(\"table.torrentname\")"
        },
        "fields": {
            "id": {
                "selector": "a[href*=\"details.php?id=\"]",
                "attribute": "href",
                "filters": [
                    {
                        "name": "re_search",
                        "args": [
                            "\\d+",
                            0
                        ]
                    }
                ]
            },
            "title_default": {
                "selector": "a[href*=\"details.php?id=\"]"
            },
            "title_optional": {
                "optional": true,
                "selector": "a[title][href*=\"details.php?id=\"]",
                "attribute": "title"
            },
            "title": {
                "text": "{% if fields['title_optional'] %}{{ fields['title_optional'] }}{% else %}{{ fields['title_default'] }}{% endif %}"
            },
            "category": {
                "selector": "a[href*=\"?cat=\"]",
                "attribute": "href",
                "filters": [
                    {
                        "name": "replace",
                        "args": [
                            "?",
                            ""
                        ]
                    },
                    {
                        "name": "querystring",
                        "args": "cat"
                    }
                ]
            },
            "details": {
                "selector": "a[href*=\"details.php?id=\"]",
                "attribute": "href"
            },
            "download": {
                "selector": "form[action*=\"/download.php?id=\"]",
                "attribute": "action"
            },
            "imdbid": {
                "selector": "div.imdb_100 > a",
                "attribute": "href"
            },
            "date_elapsed": {
                "selector": "td:nth-child(4) > span",
                "optional": true
            },
            "date_added": {
                "selector": "td:nth-child(4) > span",
                "attribute": "title",
                "optional": true
            },
            "date": {
                "text": "{% if fields['date_elapsed'] or fields['date_added'] %}{{ fields['date_elapsed'] if fields['date_elapsed'] else fields['date_added'] }}{% else %}now{% endif %}",
                "filters": [
                    {
                        "name": "dateparse",
                        "args": "%Y-%m-%d %H:%M:%S"
                    }
                ]
            },
            "size": {
                "selector": "td.rowfollow:nth-child(5)"
            },
            "seeders": {
                "selector": "td:nth-child(6)"
            },
            "leechers": {
                "selector": "td:nth-child(7)"
            },
            "grabs": {
                "selector": "td:nth-child(8)"
            },
            "downloadvolumefactor": {
                "case": {
                    "img.pro_free": 0,
                    "img.pro_free2up": 0,
                    "img.pro_50pctdown": 0.5,
                    "img.pro_50pctdown2up": 0.5,
                    "img.pro_30pctdown": 0.3,
                    "*": 1
                }
            },
            "uploadvolumefactor": {
                "case": {
                    "img.pro_50pctdown2up": 2,
                    "img.pro_free2up": 2,
                    "img.pro_2up": 2,
                    "*": 1
                }
            },
            "free_deadline": {
                "default_value": "{% if fields['downloadvolumefactor']==0 %}{{max_time}}{% endif%}",
                "default_value_format": "%Y-%m-%d %H:%M:%S.%f",
                "selector": "img.pro_free,img.pro_free2up",
                "attribute": "onmouseover",
                "filters": [
                    {
                        "name": "re_search",
                        "args": [
                            "\\d+-\\d+-\\d+ \\d+:\\d+:\\d+",
                            0
                        ]
                    },
                    {
                        "name": "dateparse",
                        "args": "%Y-%m-%d %H:%M:%S"
                    }
                ]
            },
            "description": {
                "selector": "td:nth-child(2) > table > tr > td.embedded",
                "remove": "img,a,b,span",
                "filters": [
                    {
                        "name": "replace",
                        "args": [
                            "[\u4f18\u60e0\u5269\u4f59\u65f6\u95f4\uff1a]",
                            ""
                        ]
                    }
                ]
            },
            "labels": {
                "selector": "td:nth-child(2) > table > tr > td.embedded > span"
            }
        }
    },
    "conf": {
        "FREE": [
            "//h1[@id='top']/b/font[@class='free']"
        ],
        "2XFREE": [
            "//h1[@id='top']/b/font[@class='twoupfree']"
        ],
        "HR": [],
        "PEER_COUNT": []
    }
}